window,tp_ema_low,entry_mode,stop_loss_points,min_distance_from_ema7_low,trades,wins,losses,win_rate_pct,net_points,avg_points,profit_factor,max_drawdown_points,avg_bars_held,take_profit_hits,stop_loss_hits,end_of_data
2y,7,signal_close,200.0,50.0,1100,387,713,35.18,-1820.22,-1.65,0.987,-11886.43,1.55,386,713,1
2y,7,signal_close,200.0,100.0,1064,363,701,34.12,-2804.18,-2.64,0.98,-12729.51,1.56,362,701,1
2y,7,signal_close,200.0,150.0,1001,334,667,33.37,-391.53,-0.39,0.997,-11496.58,1.55,333,667,1
2y,7,signal_close,200.0,200.0,894,286,608,31.99,1833.75,2.05,1.015,-10078.36,1.55,285,608,1
2y,7,signal_close,200.0,300.0,654,189,465,28.9,3156.88,4.83,1.034,-8326.97,1.53,189,465,0
2y,7,signal_close,200.0,400.0,440,124,316,28.18,8768.16,19.93,1.139,-4161.77,1.51,124,316,0
2y,7,signal_close,200.0,600.0,174,29,145,16.67,-5305.22,-30.49,0.817,-6715.63,1.4,29,145,0
2y,7,signal_close,300.0,50.0,1067,486,581,45.55,594.28,0.56,1.003,-13273.9,1.92,486,580,1
2y,7,signal_close,300.0,100.0,1037,462,575,44.55,-576.09,-0.56,0.997,-13732.89,1.92,462,574,1
2y,7,signal_close,300.0,150.0,978,431,547,44.07,2946.25,3.01,1.018,-12216.87,1.91,430,547,1
2y,7,signal_close,300.0,200.0,876,369,507,42.12,2720.04,3.11,1.018,-12120.99,1.93,368,507,1
2y,7,signal_close,300.0,300.0,647,251,396,38.79,4470.6,6.91,1.038,-9356.47,1.92,251,396,0
2y,7,signal_close,300.0,400.0,436,163,273,37.39,9629.73,22.09,1.118,-5186.96,1.89,163,273,0
2y,7,signal_close,300.0,600.0,174,45,129,25.86,-4365.77,-25.09,0.887,-7286.34,1.73,45,129,0
2y,7,signal_close,400.0,50.0,1032,554,478,53.68,8049.26,7.8,1.042,-9631.07,2.21,556,475,1
2y,7,signal_close,400.0,100.0,1004,532,472,52.99,7601.44,7.57,1.04,-9978.91,2.23,534,469,1
2y,7,signal_close,400.0,150.0,948,497,451,52.43,10733.64,11.32,1.06,-10523.34,2.23,498,449,1
2y,7,signal_close,400.0,200.0,851,428,423,50.29,8507.29,10.0,1.05,-8507.11,2.25,428,422,1
2y,7,signal_close,400.0,300.0,634,302,332,47.63,12655.58,19.96,1.096,-8433.28,2.24,303,331,0
2y,7,signal_close,400.0,400.0,430,195,235,45.35,14156.49,32.92,1.151,-5809.76,2.19,196,234,0
2y,7,signal_close,400.0,600.0,172,60,112,34.88,-480.99,-2.8,0.989,-9403.69,2.05,60,112,0
2y,7,signal_close,500.0,50.0,999,602,397,60.26,20235.89,20.26,1.104,-9295.09,2.54,609,389,1
2y,7,signal_close,500.0,100.0,971,579,392,59.63,20277.86,20.88,1.106,-9546.27,2.57,587,383,1
2y,7,signal_close,500.0,150.0,921,547,374,59.39,23073.47,25.05,1.125,-9070.85,2.56,551,369,1
2y,7,signal_close,500.0,200.0,829,475,354,57.3,19002.71,22.92,1.108,-8212.63,2.6,478,350,1
2y,7,signal_close,500.0,300.0,624,346,278,55.45,23812.65,38.16,1.172,-6397.38,2.59,348,276,0
2y,7,signal_close,500.0,400.0,425,229,196,53.88,25551.49,60.12,1.263,-4749.21,2.59,231,194,0
2y,7,signal_close,500.0,600.0,171,75,96,43.86,4175.33,24.42,1.087,-7930.52,2.55,75,96,0
2y,7,signal_close,600.0,50.0,965,617,348,63.94,21939.92,22.74,1.11,-13729.87,2.83,634,330,1
2y,7,signal_close,600.0,100.0,940,594,346,63.19,20644.47,21.96,1.104,-13981.05,2.84,611,328,1
2y,7,signal_close,600.0,150.0,898,566,332,63.03,23042.57,25.66,1.12,-13305.63,2.84,579,318,1
2y,7,signal_close,600.0,200.0,810,495,315,61.11,18084.92,22.33,1.099,-11851.04,2.87,505,304,1
2y,7,signal_close,600.0,300.0,612,363,249,59.31,23304.82,38.08,1.16,-8701.61,2.85,370,242,0
2y,7,signal_close,600.0,400.0,416,239,177,57.45,24369.53,58.58,1.236,-5752.82,2.88,244,172,0
2y,7,signal_close,600.0,600.0,169,83,86,49.11,5875.14,34.76,1.115,-6750.06,2.95,84,85,0
2y,7,signal_close,800.0,50.0,919,627,292,68.23,19619.73,21.35,1.096,-19269.97,3.24,668,250,1
2y,7,signal_close,800.0,100.0,899,609,290,67.74,18721.48,20.82,1.092,-19521.15,3.25,649,249,1
2y,7,signal_close,800.0,150.0,861,586,275,68.06,23476.13,27.27,1.12,-18445.73,3.25,620,240,1
2y,7,signal_close,800.0,200.0,775,513,262,66.19,16456.08,21.23,1.087,-17974.35,3.31,542,232,1
2y,7,signal_close,800.0,300.0,587,381,206,64.91,22405.16,38.17,1.149,-12836.84,3.33,401,186,0
2y,7,signal_close,800.0,400.0,405,257,148,63.46,24193.62,59.74,1.222,-7666.94,3.4,270,135,0
2y,7,signal_close,800.0,600.0,166,93,73,56.02,5555.95,33.47,1.1,-7396.23,3.49,97,69,0
2y,7,signal_close,1000.0,50.0,886,623,263,70.32,15141.98,17.09,1.074,-23320.26,3.56,689,196,1
2y,7,signal_close,1000.0,100.0,867,605,262,69.78,14292.83,16.49,1.07,-23622.69,3.59,671,195,1
2y,7,signal_close,1000.0,150.0,830,581,249,70.0,18726.16,22.56,1.095,-21646.27,3.58,641,188,1
2y,7,signal_close,1000.0,200.0,747,512,235,68.54,13779.24,18.45,1.073,-20974.89,3.67,565,181,1
2y,7,signal_close,1000.0,300.0,572,386,186,67.48,18863.58,32.98,1.124,-17983.3,3.67,424,148,0
2y,7,signal_close,1000.0,400.0,398,264,134,66.33,17049.87,42.84,1.148,-8876.31,3.71,285,113,0
2y,7,signal_close,1000.0,600.0,163,97,66,59.51,86.11,0.53,1.001,-11508.03,3.82,102,61,0
2y,7,next_open,200.0,50.0,1099,392,707,35.67,1015.88,0.92,1.007,-10256.76,0.55,391,707,1
2y,7,next_open,200.0,100.0,1063,368,695,34.62,27.92,0.03,1.0,-10815.11,0.56,367,695,1
2y,7,next_open,200.0,150.0,1000,338,662,33.8,1921.69,1.92,1.015,-10049.96,0.55,337,662,1
2y,7,next_open,200.0,200.0,893,290,603,32.47,4079.46,4.57,1.034,-8314.37,0.55,289,603,1
2y,7,next_open,200.0,300.0,654,191,463,29.2,4347.68,6.65,1.047,-6597.22,0.54,191,463,0
2y,7,next_open,200.0,400.0,440,125,315,28.41,9488.78,21.57,1.151,-3142.13,0.52,125,315,0
2y,7,next_open,200.0,600.0,174,30,144,17.24,-4582.25,-26.33,0.841,-6728.13,0.41,30,144,0
2y,7,next_open,300.0,50.0,1067,490,577,45.92,2110.66,1.98,1.012,-13428.49,0.92,489,577,1
2y,7,next_open,300.0,100.0,1037,466,571,44.94,929.79,0.9,1.005,-13886.99,0.93,465,571,1
2y,7,next_open,300.0,150.0,978,435,543,44.48,4662.38,4.77,1.029,-12132.71,0.92,434,543,1
2y,7,next_open,300.0,200.0,876,372,504,42.47,3965.81,4.53,1.026,-12069.83,0.93,371,504,1
2y,7,next_open,300.0,300.0,647,253,394,39.1,5225.6,8.08,1.044,-9264.81,0.93,253,394,0
2y,7,next_open,300.0,400.0,436,164,272,37.61,9848.89,22.59,1.121,-4830.02,0.89,164,272,0
2y,7,next_open,300.0,600.0,174,45,129,25.86,-4999.47,-28.73,0.871,-7935.53,0.74,45,129,0
2y,7,next_open,400.0,50.0,1033,556,477,53.82,8902.1,8.62,1.047,-10309.42,1.21,558,474,1
2y,7,next_open,400.0,100.0,1005,534,471,53.13,8443.78,8.4,1.045,-10365.98,1.23,536,468,1
2y,7,next_open,400.0,150.0,949,499,450,52.58,11527.48,12.15,1.064,-10579.84,1.23,500,448,1
2y,7,next_open,400.0,200.0,852,430,422,50.47,9234.13,10.84,1.055,-9070.15,1.25,430,421,1
2y,7,next_open,400.0,300.0,635,304,331,47.87,13384.41,21.08,1.101,-7000.18,1.24,305,330,0
2y,7,next_open,400.0,400.0,431,196,235,45.48,14266.99,33.1,1.152,-5183.91,1.19,197,234,0
2y,7,next_open,400.0,600.0,172,59,113,34.3,-1739.53,-10.11,0.962,-8206.13,1.04,59,113,0
2y,7,next_open,500.0,50.0,999,603,396,60.36,21355.06,21.38,1.11,-9313.09,1.55,610,388,1
2y,7,next_open,500.0,100.0,971,580,391,59.73,21384.04,22.02,1.112,-9564.77,1.57,588,382,1
2y,7,next_open,500.0,150.0,921,548,373,59.5,24144.14,26.22,1.131,-9090.35,1.56,552,368,1
2y,7,next_open,500.0,200.0,829,475,354,57.3,19282.21,23.26,1.11,-8200.13,1.6,478,350,1
2y,7,next_open,500.0,300.0,624,346,278,55.45,24062.65,38.56,1.174,-6361.38,1.59,348,276,0
2y,7,next_open,500.0,400.0,425,229,196,53.88,25755.99,60.6,1.265,-4707.21,1.59,231,194,0
2y,7,next_open,500.0,600.0,171,75,96,43.86,4212.33,24.63,1.088,-7878.52,1.55,75,96,0
2y,7,next_open,600.0,50.0,963,617,346,64.07,24514.86,25.46,1.124,-13747.87,1.84,635,327,1
2y,7,next_open,600.0,100.0,939,595,344,63.37,23261.25,24.77,1.119,-13999.55,1.86,613,325,1
2y,7,next_open,600.0,150.0,897,567,330,63.21,25612.84,28.55,1.135,-13325.13,1.86,581,315,1
2y,7,next_open,600.0,200.0,809,496,313,61.31,20574.69,25.43,1.114,-11870.54,1.89,507,301,1
2y,7,next_open,600.0,300.0,611,363,248,59.41,24737.15,40.49,1.171,-8665.11,1.87,371,240,0
2y,7,next_open,600.0,400.0,416,240,176,57.69,25175.36,60.52,1.245,-5733.32,1.91,245,171,0
2y,7,next_open,600.0,600.0,169,84,85,49.7,6506.47,38.5,1.129,-6236.25,1.99,85,84,0
2y,7,next_open,800.0,50.0,919,626,293,68.12,20311.73,22.1,1.099,-19290.47,2.23,668,250,1
2y,7,next_open,800.0,100.0,899,608,291,67.63,19389.48,21.57,1.095,-19542.15,2.25,649,249,1
2y,7,next_open,800.0,150.0,861,585,276,67.94,24099.13,27.99,1.123,-18467.73,2.25,620,240,1
2y,7,next_open,800.0,200.0,775,512,263,66.06,16997.58,21.93,1.09,-17996.35,2.31,542,232,1
2y,7,next_open,800.0,300.0,586,379,207,64.68,22607.96,38.58,1.15,-12804.34,2.32,400,186,0
2y,7,next_open,800.0,400.0,405,257,148,63.46,24429.62,60.32,1.224,-7633.44,2.4,270,135,0
2y,7,next_open,800.0,600.0,166,93,73,56.02,5576.45,33.59,1.1,-7356.23,2.5,97,69,0
2y,7,next_open,1000.0,50.0,887,623,264,70.24,15165.48,17.1,1.074,-23111.76,2.55,689,197,1
2y,7,next_open,1000.0,100.0,868,605,263,69.7,14294.33,16.47,1.07,-23425.19,2.58,671,196,1
2y,7,next_open,1000.0,150.0,831,581,250,69.92,18683.66,22.48,1.095,-21653.77,2.57,641,189,1
2y,7,next_open,1000.0,200.0,748,512,236,68.45,13658.24,18.26,1.072,-20982.39,2.66,565,182,1
2y,7,next_open,1000.0,300.0,572,385,187,67.31,18628.39,32.57,1.122,-17846.3,2.65,423,149,0
2y,7,next_open,1000.0,400.0,398,264,134,66.33,16773.18,42.14,1.145,-8850.31,2.69,284,114,0
2y,7,next_open,1000.0,600.0,163,97,66,59.51,83.61,0.51,1.001,-11502.03,2.82,102,61,0
2y,8,signal_close,200.0,50.0,1099,364,735,33.12,-5578.98,-5.08,0.962,-13734.59,1.64,363,735,1
2y,8,signal_close,200.0,100.0,1063,341,722,32.08,-6410.26,-6.03,0.956,-14281.57,1.65,340,722,1
2y,8,signal_close,200.0,150.0,1001,314,687,31.37,-3880.49,-3.88,0.972,-12989.15,1.65,313,687,1
2y,8,signal_close,200.0,200.0,894,267,627,29.87,-1707.73,-1.91,0.986,-11824.71,1.65,266,627,1
2y,8,signal_close,200.0,300.0,654,177,477,27.06,940.38,1.44,1.01,-9603.49,1.64,177,477,0
2y,8,signal_close,200.0,400.0,440,115,325,26.14,7045.73,16.01,1.108,-4542.87,1.62,115,325,0
2y,8,signal_close,200.0,600.0,174,28,146,16.09,-4876.69,-28.03,0.833,-6018.96,1.48,28,146,0
2y,8,signal_close,300.0,50.0,1066,462,604,43.34,-4856.63,-4.56,0.973,-16078.41,2.03,462,603,1
2y,8,signal_close,300.0,100.0,1036,439,597,42.37,-5732.83,-5.53,0.968,-16533.41,2.04,439,596,1
2y,8,signal_close,300.0,150.0,977,409,568,41.86,-2161.81,-2.21,0.987,-14698.0,2.03,408,568,1
2y,8,signal_close,300.0,200.0,875,348,527,39.77,-2460.82,-2.81,0.984,-14694.86,2.05,347,527,1
2y,8,signal_close,300.0,300.0,647,237,410,36.63,889.39,1.37,1.007,-11335.34,2.06,237,410,0
2y,8,signal_close,300.0,400.0,436,152,284,34.86,6312.7,14.48,1.074,-5847.51,2.03,152,284,0
2y,8,signal_close,300.0,600.0,174,42,132,24.14,-5170.07,-29.71,0.869,-8352.27,1.83,42,132,0
2y,8,signal_close,400.0,50.0,1030,525,505,50.97,-1087.46,-1.06,0.995,-13504.56,2.37,527,502,1
2y,8,signal_close,400.0,100.0,1002,504,498,50.3,-1115.24,-1.11,0.994,-14024.94,2.38,506,495,1
2y,8,signal_close,400.0,150.0,947,471,476,49.74,2299.14,2.43,1.012,-13692.33,2.38,472,474,1
2y,8,signal_close,400.0,200.0,850,405,445,47.65,1157.94,1.36,1.007,-11698.49,2.41,405,444,1
2y,8,signal_close,400.0,300.0,634,285,349,44.95,6830.63,10.77,1.049,-10597.91,2.41,286,348,0
2y,8,signal_close,400.0,400.0,430,182,248,42.33,9028.51,21.0,1.091,-6770.2,2.38,183,247,0
2y,8,signal_close,400.0,600.0,172,57,115,33.14,-994.17,-5.78,0.978,-9258.42,2.16,57,115,0
2y,8,signal_close,500.0,50.0,994,573,421,57.65,10500.54,10.56,1.051,-10936.37,2.74,579,414,1
2y,8,signal_close,500.0,100.0,966,551,415,57.04,11071.61,11.46,1.054,-11174.33,2.76,558,407,1
2y,8,signal_close,500.0,150.0,918,520,398,56.64,13748.27,14.98,1.07,-11052.11,2.75,524,393,1
2y,8,signal_close,500.0,200.0,826,451,375,54.6,11014.58,13.33,1.059,-10685.55,2.8,454,371,1
2y,8,signal_close,500.0,300.0,624,327,297,52.4,16038.34,25.7,1.109,-7754.3,2.81,329,295,0
2y,8,signal_close,500.0,400.0,425,216,209,50.82,20208.31,47.55,1.195,-6291.1,2.82,218,207,0
2y,8,signal_close,500.0,600.0,171,73,98,42.69,4792.07,28.02,1.098,-7888.38,2.75,73,98,0
2y,8,signal_close,600.0,50.0,957,592,365,61.86,13485.59,14.09,1.064,-15747.88,3.05,605,351,1
2y,8,signal_close,600.0,100.0,932,569,363,61.05,12170.98,13.06,1.058,-15985.84,3.06,582,349,1
2y,8,signal_close,600.0,150.0,892,542,350,60.76,14483.3,16.24,1.071,-15309.19,3.06,552,339,1
2y,8,signal_close,600.0,200.0,804,473,331,58.83,10400.32,12.94,1.054,-13891.32,3.11,480,323,1
2y,8,signal_close,600.0,300.0,611,348,263,56.96,17231.38,28.2,1.111,-10945.36,3.09,353,258,0
2y,8,signal_close,600.0,400.0,415,229,186,55.18,20198.7,48.67,1.184,-6267.44,3.14,232,183,0
2y,8,signal_close,600.0,600.0,169,82,87,48.52,6728.09,39.81,1.129,-6686.05,3.17,82,87,0
2y,8,signal_close,800.0,50.0,911,611,300,67.07,14133.29,15.51,1.065,-22565.81,3.5,643,267,1
2y,8,signal_close,800.0,100.0,891,593,298,66.55,13250.18,14.87,1.061,-22803.78,3.52,624,266,1
2y,8,signal_close,800.0,150.0,854,570,284,66.74,17869.26,20.92,1.086,-21727.12,3.52,596,257,1
2y,8,signal_close,800.0,200.0,770,500,270,64.94,10261.49,13.33,1.051,-21304.2,3.59,519,250,1
2y,8,signal_close,800.0,300.0,585,371,214,63.42,17469.86,29.86,1.108,-16338.68,3.64,385,200,0
2y,8,signal_close,800.0,400.0,403,249,154,61.79,19898.52,49.38,1.171,-9605.38,3.75,258,145,0
2y,8,signal_close,800.0,600.0,166,91,75,54.82,4400.49,26.51,1.075,-8845.93,3.8,93,73,0
2y,8,signal_close,1000.0,50.0,877,607,270,69.21,9325.33,10.63,1.043,-25522.32,3.85,666,210,1
2y,8,signal_close,1000.0,100.0,858,589,269,68.65,8490.91,9.9,1.039,-25817.55,3.88,648,209,1
2y,8,signal_close,1000.0,150.0,822,565,257,68.73,12779.95,15.55,1.061,-23770.99,3.88,619,202,1
2y,8,signal_close,1000.0,200.0,739,498,241,67.39,8404.54,11.37,1.042,-22787.68,3.99,544,194,1
2y,8,signal_close,1000.0,300.0,569,376,193,66.08,14710.67,25.85,1.09,-21016.52,4.02,410,159,0
2y,8,signal_close,1000.0,400.0,396,256,140,64.65,13150.54,33.21,1.107,-9356.97,4.12,275,121,0
2y,8,signal_close,1000.0,600.0,163,94,69,57.67,-1453.73,-8.92,0.977,-11964.36,4.2,99,64,0
2y,8,next_open,200.0,50.0,1098,367,731,33.42,-4053.8,-3.69,0.972,-12989.15,0.65,366,731,1
2y,8,next_open,200.0,100.0,1062,344,718,32.39,-4889.07,-4.6,0.966,-13531.13,0.66,343,718,1
2y,8,next_open,200.0,150.0,1000,316,684,31.6,-2886.32,-2.89,0.979,-12343.9,0.65,315,684,1
2y,8,next_open,200.0,200.0,893,269,624,30.12,-781.56,-0.88,0.994,-10931.84,0.65,268,624,1
2y,8,next_open,200.0,300.0,654,177,477,27.06,813.01,1.24,1.009,-8668.8,0.65,177,477,0
2y,8,next_open,200.0,400.0,440,115,325,26.14,6998.87,15.91,1.108,-4307.09,0.63,115,325,0
2y,8,next_open,200.0,600.0,174,28,146,16.09,-4895.69,-28.14,0.832,-6031.46,0.49,28,146,0
2y,8,next_open,300.0,50.0,1066,466,600,43.71,-3387.02,-3.18,0.981,-16289.06,1.04,465,600,1
2y,8,next_open,300.0,100.0,1036,443,593,42.76,-4273.72,-4.13,0.976,-16743.55,1.05,442,593,1
2y,8,next_open,300.0,150.0,977,413,564,42.27,-482.57,-0.49,0.997,-14695.01,1.04,412,564,1
2y,8,next_open,300.0,200.0,875,351,524,40.11,-1254.24,-1.43,0.992,-14689.88,1.06,350,524,1
2y,8,next_open,300.0,300.0,647,239,408,36.94,1613.64,2.49,1.013,-11265.36,1.07,239,408,0
2y,8,next_open,300.0,400.0,436,153,283,35.09,6464.18,14.83,1.076,-5956.09,1.04,153,283,0
2y,8,next_open,300.0,600.0,174,42,132,24.14,-5802.39,-33.35,0.853,-9000.09,0.84,42,132,0
2y,8,next_open,400.0,50.0,1031,527,504,51.12,69.94,0.07,1.0,-12898.96,1.37,529,501,1
2y,8,next_open,400.0,100.0,1003,506,497,50.45,31.65,0.03,1.0,-13259.22,1.38,508,494,1
2y,8,next_open,400.0,150.0,948,473,475,49.89,3398.03,3.58,1.018,-13715.33,1.39,474,473,1
2y,8,next_open,400.0,200.0,851,407,444,47.83,2187.84,2.57,1.012,-11722.49,1.41,407,443,1
2y,8,next_open,400.0,300.0,635,287,348,45.2,7871.03,12.4,1.057,-9739.94,1.42,288,347,0
2y,8,next_open,400.0,400.0,431,184,247,42.69,10026.4,23.26,1.102,-5908.23,1.38,185,246,0
2y,8,next_open,400.0,600.0,172,57,115,33.14,-1333.94,-7.76,0.971,-8081.97,1.17,57,115,0
2y,8,next_open,500.0,50.0,994,574,420,57.75,11557.31,11.63,1.056,-10957.87,1.74,580,413,1
2y,8,next_open,500.0,100.0,966,552,414,57.14,12115.38,12.54,1.06,-11196.33,1.76,559,406,1
2y,8,next_open,500.0,150.0,918,521,397,56.75,14757.03,16.08,1.075,-11052.11,1.75,525,392,1
2y,8,next_open,500.0,200.0,826,451,375,54.6,11183.08,13.54,1.06,-10692.05,1.8,454,371,1
2y,8,next_open,500.0,300.0,624,327,297,52.4,16189.84,25.95,1.11,-7735.3,1.81,329,295,0
2y,8,next_open,500.0,400.0,425,216,209,50.82,20341.31,47.86,1.196,-6228.6,1.82,218,207,0
2y,8,next_open,500.0,600.0,171,73,98,42.69,4819.57,28.18,1.098,-7873.38,1.75,73,98,0
2y,8,next_open,600.0,50.0,955,594,361,62.2,15963.47,16.72,1.076,-15769.38,2.06,606,348,1
2y,8,next_open,600.0,100.0,931,572,359,61.44,14682.08,15.77,1.071,-16007.84,2.08,584,346,1
2y,8,next_open,600.0,150.0,891,545,346,61.17,16948.39,19.02,1.084,-15332.19,2.08,554,336,1
2y,8,next_open,600.0,200.0,803,475,328,59.15,12782.91,15.92,1.066,-13918.32,2.13,482,320,1
2y,8,next_open,600.0,300.0,610,349,261,57.21,18562.6,30.43,1.121,-10928.86,2.12,354,256,0
2y,8,next_open,600.0,400.0,415,230,185,55.42,20923.41,50.42,1.192,-6225.44,2.18,233,182,0
2y,8,next_open,600.0,600.0,169,83,86,49.11,7341.3,43.44,1.142,-6671.55,2.24,83,86,0
2y,8,next_open,800.0,50.0,911,612,299,67.18,14806.79,16.25,1.068,-22585.31,2.49,643,267,1
2y,8,next_open,800.0,100.0,891,594,297,66.67,13899.68,15.6,1.064,-22823.78,2.52,624,266,1
2y,8,next_open,800.0,150.0,854,571,283,66.86,18473.76,21.63,1.089,-21748.12,2.52,596,257,1
2y,8,next_open,800.0,200.0,770,500,270,64.94,10785.49,14.01,1.054,-21325.2,2.59,519,250,1
2y,8,next_open,800.0,300.0,584,370,214,63.36,17647.88,30.22,1.11,-16307.18,2.64,384,200,0
2y,8,next_open,800.0,400.0,403,249,154,61.79,20140.02,49.98,1.173,-9585.88,2.75,258,145,0
2y,8,next_open,800.0,600.0,166,91,75,54.82,4409.49,26.56,1.075,-8817.93,2.81,93,73,0
2y,8,next_open,1000.0,50.0,878,609,269,69.36,9350.83,10.65,1.043,-25294.32,2.84,666,211,1
2y,8,next_open,1000.0,100.0,859,591,268,68.8,8494.41,9.89,1.039,-25600.55,2.87,648,210,1
2y,8,next_open,1000.0,150.0,823,567,256,68.89,12739.45,15.48,1.061,-23580.49,2.87,619,203,1
2y,8,next_open,1000.0,200.0,740,499,241,67.43,8278.04,11.19,1.041,-22646.18,2.98,544,195,1
2y,8,next_open,1000.0,300.0,569,376,193,66.08,14394.21,25.3,1.088,-20862.02,3.01,409,160,0
2y,8,next_open,1000.0,400.0,396,256,140,64.65,12809.57,32.35,1.104,-9261.47,3.09,274,122,0
2y,8,next_open,1000.0,600.0,163,94,69,57.67,-1454.73,-8.92,0.977,-11960.36,3.2,99,64,0
6m,7,signal_close,200.0,50.0,267,105,162,39.33,1000.99,3.75,1.031,-4020.61,1.61,104,162,1
6m,7,signal_close,200.0,100.0,256,99,157,38.67,1119.65,4.37,1.036,-3930.85,1.61,98,157,1
6m,7,signal_close,200.0,150.0,235,89,146,37.87,1923.29,8.18,1.066,-3610.68,1.61,88,146,1
6m,7,signal_close,200.0,200.0,208,72,136,34.62,564.8,2.72,1.021,-4590.05,1.64,71,136,1
6m,7,signal_close,200.0,300.0,145,44,101,30.34,283.58,1.96,1.014,-2520.23,1.62,44,101,0
6m,7,signal_close,200.0,400.0,91,28,63,30.77,1526.52,16.77,1.121,-2129.51,1.64,28,63,0
6m,7,signal_close,200.0,600.0,24,3,21,12.5,-1784.52,-74.35,0.575,-2600.0,1.83,3,21,0
6m,7,signal_close,300.0,50.0,257,131,126,50.97,3782.23,14.72,1.1,-5464.9,1.94,130,126,1
6m,7,signal_close,300.0,100.0,248,124,124,50.0,3591.15,14.48,1.097,-5610.85,1.94,123,124,1
6m,7,signal_close,300.0,150.0,228,113,115,49.56,4632.4,20.32,1.134,-5301.79,1.94,112,115,1
6m,7,signal_close,300.0,200.0,202,90,112,44.55,1048.29,5.19,1.031,-6612.3,1.99,89,112,1
6m,7,signal_close,300.0,300.0,142,58,84,40.85,1364.11,9.61,1.054,-3735.05,2.02,58,84,0
6m,7,signal_close,300.0,400.0,91,38,53,41.76,3202.41,35.19,1.201,-2937.69,2.02,38,53,0
6m,7,signal_close,300.0,600.0,24,7,17,29.17,-79.43,-3.31,0.984,-3000.0,2.08,7,17,0
6m,7,signal_close,400.0,50.0,250,151,99,60.4,8137.85,32.55,1.207,-3649.95,2.23,151,98,1
6m,7,signal_close,400.0,100.0,242,145,97,59.92,8166.37,33.75,1.212,-3742.43,2.24,145,96,1
6m,7,signal_close,400.0,150.0,223,131,92,58.74,8084.07,36.25,1.222,-3854.08,2.25,131,91,1
6m,7,signal_close,400.0,200.0,197,106,91,53.81,3599.18,18.27,1.1,-5164.58,2.34,106,90,1
6m,7,signal_close,400.0,300.0,139,74,65,53.24,5868.69,42.22,1.229,-2395.91,2.46,75,64,0
6m,7,signal_close,400.0,400.0,89,45,44,50.56,3990.75,44.84,1.231,-3048.79,2.46,46,43,0
6m,7,signal_close,400.0,600.0,24,8,16,33.33,-1008.54,-42.02,0.842,-4000.0,2.21,8,16,0
6m,7,signal_close,500.0,50.0,241,159,82,65.98,10205.3,42.35,1.261,-2910.96,2.51,162,78,1
6m,7,signal_close,500.0,100.0,232,152,80,65.52,10693.32,46.09,1.283,-2749.95,2.55,156,75,1
6m,7,signal_close,500.0,150.0,217,140,77,64.52,9571.27,44.11,1.258,-3216.19,2.53,142,74,1
6m,7,signal_close,500.0,200.0,191,115,76,60.21,5186.38,27.15,1.142,-4574.06,2.65,117,73,1
6m,7,signal_close,500.0,300.0,136,81,55,59.56,6130.19,45.07,1.227,-3983.72,2.76,82,54,0
6m,7,signal_close,500.0,400.0,88,49,39,55.68,3832.1,43.55,1.201,-4248.79,2.75,50,38,0
6m,7,signal_close,500.0,600.0,24,10,14,41.67,-305.6,-12.73,0.956,-5000.0,2.54,10,14,0
6m,7,signal_close,600.0,50.0,230,160,70,69.57,11911.67,51.79,1.312,-4792.27,2.87,166,63,1
6m,7,signal_close,600.0,100.0,224,155,69,69.2,11952.0,53.36,1.319,-4557.17,2.87,161,62,1
6m,7,signal_close,600.0,150.0,211,145,66,68.72,11268.72,53.41,1.306,-5035.24,2.87,149,61,1
6m,7,signal_close,600.0,200.0,185,119,66,64.32,6177.16,33.39,1.168,-6179.54,3.04,123,61,1
6m,7,signal_close,600.0,300.0,132,83,49,62.88,6651.21,50.39,1.24,-2845.41,3.11,86,46,0
6m,7,signal_close,600.0,400.0,84,51,33,60.71,5953.11,70.87,1.328,-3304.92,3.18,54,30,0
6m,7,signal_close,600.0,600.0,24,13,11,54.17,1242.36,51.76,1.188,-3445.41,3.25,13,11,0
6m,7,signal_close,800.0,50.0,219,160,59,73.06,13049.76,59.59,1.347,-5149.09,3.21,173,45,1
6m,7,signal_close,800.0,100.0,214,156,58,72.9,12811.61,59.87,1.343,-5252.8,3.21,168,45,1
6m,7,signal_close,800.0,150.0,203,149,54,73.4,12773.25,62.92,1.351,-5355.27,3.22,158,44,1
6m,7,signal_close,800.0,200.0,177,123,54,69.49,7681.7,43.4,1.211,-6499.57,3.45,132,44,1
6m,7,signal_close,800.0,300.0,127,87,40,68.5,7260.41,57.17,1.256,-4045.41,3.49,92,35,0
6m,7,signal_close,800.0,400.0,84,57,27,67.86,7147.99,85.1,1.383,-3882.46,3.55,61,23,0
6m,7,signal_close,800.0,600.0,24,15,9,62.5,1251.8,52.16,1.174,-3229.58,3.62,15,9,0
6m,7,signal_close,1000.0,50.0,211,163,48,77.25,17083.18,80.96,1.511,-4627.53,3.5,179,31,1
6m,7,signal_close,1000.0,100.0,207,159,48,76.81,17281.02,83.48,1.528,-4627.53,3.55,176,30,1
6m,7,signal_close,1000.0,150.0,197,153,44,77.66,17578.35,89.23,1.556,-4627.53,3.56,167,29,1
6m,7,signal_close,1000.0,200.0,172,128,44,74.42,12695.28,73.81,1.402,-4939.35,3.84,142,29,1
6m,7,signal_close,1000.0,300.0,124,91,33,73.39,10858.9,87.57,1.436,-5245.41,3.81,100,24,0
6m,7,signal_close,1000.0,400.0,82,58,24,70.73,6115.93,74.58,1.313,-4399.6,3.83,63,19,0
6m,7,signal_close,1000.0,600.0,24,17,7,70.83,2332.82,97.2,1.333,-4229.58,3.75,17,7,0
6m,7,next_open,200.0,50.0,267,105,162,39.33,939.61,3.52,1.029,-3931.36,0.6,104,162,1
6m,7,next_open,200.0,100.0,256,99,157,38.67,1044.77,4.08,1.033,-3915.85,0.61,98,157,1
6m,7,next_open,200.0,150.0,235,88,147,37.45,1358.02,5.78,1.046,-3594.68,0.6,87,147,1
6m,7,next_open,200.0,200.0,208,71,137,34.13,-52.97,-0.25,0.998,-4518.55,0.63,70,137,1
6m,7,next_open,200.0,300.0,145,43,102,29.66,-341.69,-2.36,0.983,-2473.73,0.61,43,102,0
6m,7,next_open,200.0,400.0,91,27,64,29.67,909.76,10.0,1.071,-2124.51,0.62,27,64,0
6m,7,next_open,200.0,600.0,24,3,21,12.5,-1782.02,-74.25,0.576,-2600.0,0.83,3,21,0
6m,7,next_open,300.0,50.0,257,133,124,51.75,4969.35,19.34,1.134,-4769.72,0.93,132,124,1
6m,7,next_open,300.0,100.0,248,126,122,50.81,4764.77,19.21,1.13,-4787.68,0.93,125,122,1
6m,7,next_open,300.0,150.0,228,115,113,50.44,5778.01,25.34,1.17,-4187.18,0.93,114,113,1
6m,7,next_open,300.0,200.0,202,92,110,45.54,2149.9,10.64,1.065,-5519.68,0.98,91,110,1
6m,7,next_open,300.0,300.0,142,59,83,41.55,1957.95,13.79,1.079,-3168.71,1.01,59,83,0
6m,7,next_open,300.0,400.0,91,38,53,41.76,3298.91,36.25,1.207,-2938.19,0.99,38,53,0
6m,7,next_open,300.0,600.0,24,7,17,29.17,-63.93,-2.66,0.987,-3000.0,1.08,7,17,0
6m,7,next_open,400.0,50.0,250,151,99,60.4,8350.35,33.4,1.213,-3513.45,1.22,151,98,1
6m,7,next_open,400.0,100.0,242,145,97,59.92,8366.37,34.57,1.218,-3619.43,1.23,145,96,1
6m,7,next_open,400.0,150.0,223,131,92,58.74,8261.07,37.05,1.227,-3732.58,1.25,131,91,1
6m,7,next_open,400.0,200.0,197,106,91,53.81,3733.18,18.95,1.104,-5065.08,1.33,106,90,1
6m,7,next_open,400.0,300.0,139,74,65,53.24,5956.69,42.85,1.232,-2392.41,1.46,75,64,0
6m,7,next_open,400.0,400.0,89,45,44,50.56,4081.25,45.86,1.237,-3046.29,1.46,46,43,0
6m,7,next_open,400.0,600.0,24,8,16,33.33,-993.04,-41.38,0.845,-4000.0,1.21,8,16,0
6m,7,next_open,500.0,50.0,241,160,81,66.39,11093.47,46.03,1.287,-2796.46,1.52,163,77,1
6m,7,next_open,500.0,100.0,232,153,79,65.95,11567.99,49.86,1.311,-2692.41,1.56,157,74,1
6m,7,next_open,500.0,150.0,217,141,76,64.98,10439.94,48.11,1.285,-3129.19,1.54,143,73,1
6m,7,next_open,500.0,200.0,191,115,76,60.21,5288.38,27.69,1.144,-4477.06,1.66,117,73,1
6m,7,next_open,500.0,300.0,136,81,55,59.56,6183.69,45.47,1.229,-3980.72,1.77,82,54,0
6m,7,next_open,500.0,400.0,88,49,39,55.68,3884.6,44.14,1.204,-4246.29,1.76,50,38,0
6m,7,next_open,500.0,600.0,24,10,14,41.67,-311.1,-12.96,0.956,-5000.0,1.58,10,14,0
6m,7,next_open,600.0,50.0,229,160,69,69.87,12627.67,55.14,1.337,-4664.27,1.91,166,62,1
6m,7,next_open,600.0,100.0,224,156,68,69.64,12714.83,56.76,1.344,-4442.67,1.9,162,61,1
6m,7,next_open,600.0,150.0,211,146,65,69.19,12024.55,56.99,1.332,-4922.24,1.9,150,60,1
6m,7,next_open,600.0,200.0,185,120,65,64.86,6872.99,37.15,1.19,-6089.04,2.08,124,60,1
6m,7,next_open,600.0,300.0,132,84,48,63.64,7310.04,55.38,1.27,-2863.41,2.16,87,45,0
6m,7,next_open,600.0,400.0,84,52,32,61.9,6610.94,78.7,1.377,-2706.09,2.25,55,29,0
6m,7,next_open,600.0,600.0,24,14,10,58.33,1836.69,76.53,1.306,-3000.0,2.5,14,10,0
6m,7,next_open,800.0,50.0,219,160,59,73.06,13237.26,60.44,1.352,-5005.59,2.21,173,45,1
6m,7,next_open,800.0,100.0,214,156,58,72.9,12983.61,60.67,1.347,-5124.8,2.23,168,45,1
6m,7,next_open,800.0,150.0,203,149,54,73.4,12937.75,63.73,1.355,-5228.77,2.24,158,44,1
6m,7,next_open,800.0,200.0,177,123,54,69.49,7786.2,43.99,1.214,-6395.57,2.47,132,44,1
6m,7,next_open,800.0,300.0,127,87,40,68.5,7320.41,57.64,1.258,-4063.41,2.49,92,35,0
6m,7,next_open,800.0,400.0,84,57,27,67.86,7208.49,85.82,1.387,-3899.46,2.55,61,23,0
6m,7,next_open,800.0,600.0,24,15,9,62.5,1217.8,50.74,1.169,-3245.58,2.62,15,9,0
6m,7,next_open,1000.0,50.0,211,163,48,77.25,17240.18,81.71,1.516,-4649.53,2.5,179,31,1
6m,7,next_open,1000.0,100.0,207,159,48,76.81,17424.52,84.18,1.532,-4649.53,2.55,176,30,1
6m,7,next_open,1000.0,150.0,197,153,44,77.66,17714.35,89.92,1.561,-4649.53,2.56,167,29,1
6m,7,next_open,1000.0,200.0,172,128,44,74.42,12770.28,74.25,1.404,-4960.35,2.84,142,29,1
6m,7,next_open,1000.0,300.0,124,91,33,73.39,10893.9,87.85,1.438,-5263.41,2.81,100,24,0
6m,7,next_open,1000.0,400.0,82,58,24,70.73,6163.43,75.16,1.316,-4407.1,2.83,63,19,0
6m,7,next_open,1000.0,600.0,24,17,7,70.83,2296.32,95.68,1.328,-4245.58,2.75,17,7,0
6m,8,signal_close,200.0,50.0,267,96,171,35.96,-1464.29,-5.48,0.957,-5108.98,1.72,95,171,1
6m,8,signal_close,200.0,100.0,256,91,165,35.55,-1123.5,-4.39,0.966,-4947.98,1.73,90,165,1
6m,8,signal_close,200.0,150.0,235,81,154,34.47,-407.76,-1.74,0.987,-4559.84,1.73,80,154,1
6m,8,signal_close,200.0,200.0,208,65,143,31.25,-1523.4,-7.32,0.947,-5513.09,1.75,64,143,1
6m,8,signal_close,200.0,300.0,145,40,105,27.59,-961.82,-6.63,0.954,-2793.16,1.72,40,105,0
6m,8,signal_close,200.0,400.0,91,25,66,27.47,445.63,4.9,1.034,-2059.43,1.73,25,66,0
6m,8,signal_close,200.0,600.0,24,3,21,12.5,-1717.59,-71.57,0.591,-2600.0,1.83,3,21,0
6m,8,signal_close,300.0,50.0,257,123,134,47.86,1490.99,5.8,1.037,-6332.52,2.07,122,134,1
6m,8,signal_close,300.0,100.0,248,117,131,47.18,1623.39,6.55,1.041,-6539.03,2.07,116,131,1
6m,8,signal_close,300.0,150.0,227,105,122,46.26,2428.19,10.7,1.066,-6245.56,2.08,104,122,1
6m,8,signal_close,300.0,200.0,201,83,118,41.29,-878.49,-4.37,0.975,-7147.05,2.12,82,118,1
6m,8,signal_close,300.0,300.0,142,55,87,38.73,789.89,5.56,1.03,-3973.14,2.16,55,87,0
6m,8,signal_close,300.0,400.0,91,36,55,39.56,2815.94,30.94,1.171,-2916.06,2.15,36,55,0
6m,8,signal_close,300.0,600.0,24,7,17,29.17,182.2,7.59,1.036,-3000.0,2.08,7,17,0
6m,8,signal_close,400.0,50.0,249,143,106,57.43,6005.49,24.12,1.143,-5020.13,2.45,143,105,1
6m,8,signal_close,400.0,100.0,241,138,103,57.26,6472.52,26.86,1.159,-5126.65,2.45,138,102,1
6m,8,signal_close,400.0,150.0,222,124,98,55.86,6286.05,28.32,1.162,-5255.15,2.48,124,97,1
6m,8,signal_close,400.0,200.0,196,100,96,51.02,2138.32,10.91,1.056,-6056.64,2.56,100,95,1
6m,8,signal_close,400.0,300.0,139,70,69,50.36,4877.12,35.09,1.179,-3406.32,2.7,71,68,0
6m,8,signal_close,400.0,400.0,89,43,46,48.31,3639.06,40.89,1.202,-3824.19,2.71,44,45,0
6m,8,signal_close,400.0,600.0,24,8,16,33.33,-691.64,-28.82,0.892,-4000.0,2.25,8,16,0
6m,8,signal_close,500.0,50.0,239,152,87,63.6,8192.27,34.28,1.195,-4106.97,2.77,154,84,1
6m,8,signal_close,500.0,100.0,230,146,84,63.48,9218.79,40.08,1.229,-3945.9,2.8,149,80,1
6m,8,signal_close,500.0,150.0,215,133,82,61.86,8003.25,37.22,1.202,-4420.74,2.8,135,79,1
6m,8,signal_close,500.0,200.0,189,109,80,57.67,4055.53,21.46,1.105,-5177.71,2.93,111,77,1
6m,8,signal_close,500.0,300.0,136,77,59,56.62,4972.88,36.57,1.171,-4297.39,3.04,78,58,0
6m,8,signal_close,500.0,400.0,88,47,41,53.41,3411.39,38.77,1.17,-5124.19,3.03,48,40,0
6m,8,signal_close,500.0,600.0,24,10,14,41.67,115.84,4.83,1.017,-5000.0,2.71,10,14,0
6m,8,signal_close,600.0,50.0,228,155,73,67.98,10279.95,45.09,1.251,-5900.67,3.16,159,68,1
6m,8,signal_close,600.0,100.0,222,150,72,67.57,10318.6,46.48,1.255,-5495.76,3.14,154,67,1
6m,8,signal_close,600.0,150.0,209,139,70,66.51,9556.94,45.73,1.241,-5973.0,3.16,142,66,1
6m,8,signal_close,600.0,200.0,183,114,69,62.3,4955.45,27.08,1.127,-7127.54,3.33,117,65,1
6m,8,signal_close,600.0,300.0,132,80,52,60.61,5387.99,40.82,1.179,-3191.0,3.41,82,50,0
6m,8,signal_close,600.0,400.0,84,50,34,59.52,5626.5,66.98,1.292,-4263.76,3.48,52,32,0
6m,8,signal_close,600.0,600.0,24,13,11,54.17,1753.55,73.06,1.266,-3372.21,3.42,13,11,0
6m,8,signal_close,800.0,50.0,217,158,59,72.81,11547.33,53.21,1.282,-5473.01,3.59,166,50,1
6m,8,signal_close,800.0,100.0,212,154,58,72.64,11287.35,53.24,1.277,-5590.2,3.6,161,50,1
6m,8,signal_close,800.0,150.0,201,146,55,72.64,11247.91,55.96,1.283,-5811.31,3.64,151,49,1
6m,8,signal_close,800.0,200.0,176,122,54,69.32,6500.92,36.94,1.164,-7012.81,3.85,126,49,1
6m,8,signal_close,800.0,300.0,127,86,41,67.72,5785.3,45.55,1.185,-4355.65,3.94,88,39,0
6m,8,signal_close,800.0,400.0,84,56,28,66.67,5759.31,68.56,1.276,-5066.48,4.1,58,26,0
6m,8,signal_close,800.0,600.0,24,15,9,62.5,1685.02,70.21,1.234,-3200.0,4.12,15,9,0
6m,8,signal_close,1000.0,50.0,208,158,50,75.96,12003.02,57.71,1.307,-5633.49,3.92,170,37,1
6m,8,signal_close,1000.0,100.0,204,154,50,75.49,12193.13,59.77,1.317,-5455.42,3.98,167,36,1
6m,8,signal_close,1000.0,150.0,194,147,47,75.77,12506.61,64.47,1.335,-5321.22,4.02,158,35,1
6m,8,signal_close,1000.0,200.0,170,124,46,72.94,7985.29,46.97,1.215,-6286.61,4.27,134,35,1
6m,8,signal_close,1000.0,300.0,124,89,35,71.77,7057.58,56.92,1.24,-5755.65,4.31,95,29,0
6m,8,signal_close,1000.0,400.0,82,56,26,68.29,2467.1,30.09,1.106,-5666.48,4.45,59,23,0
6m,8,signal_close,1000.0,600.0,24,16,8,66.67,1123.96,46.83,1.14,-4165.0,4.29,16,8,0
6m,8,next_open,200.0,50.0,267,95,172,35.58,-2181.24,-8.17,0.937,-5454.68,0.72,94,172,1
6m,8,next_open,200.0,100.0,256,90,166,35.16,-1853.96,-7.24,0.944,-5453.26,0.73,89,166,1
6m,8,next_open,200.0,150.0,235,79,156,33.62,-1637.24,-6.97,0.948,-5151.43,0.73,78,156,1
6m,8,next_open,200.0,200.0,208,63,145,30.29,-2805.87,-13.49,0.903,-6075.18,0.75,62,145,1
6m,8,next_open,200.0,300.0,145,38,107,26.21,-2252.79,-15.54,0.895,-3379.25,0.71,38,107,0
6m,8,next_open,200.0,400.0,91,24,67,26.37,-228.75,-2.51,0.983,-2108.61,0.7,24,67,0
6m,8,next_open,200.0,600.0,24,3,21,12.5,-1715.09,-71.46,0.592,-2600.0,0.83,3,21,0
6m,8,next_open,300.0,50.0,257,125,132,48.64,2715.59,10.57,1.069,-5659.64,1.07,124,132,1
6m,8,next_open,300.0,100.0,248,119,129,47.98,2834.49,11.43,1.073,-5758.22,1.07,118,129,1
6m,8,next_open,300.0,150.0,227,107,120,47.14,3611.29,15.91,1.1,-5156.39,1.08,106,120,1
6m,8,next_open,300.0,200.0,201,85,116,42.29,260.11,1.29,1.007,-6007.95,1.11,84,116,1
6m,8,next_open,300.0,300.0,142,56,86,39.44,1416.65,9.98,1.055,-3377.88,1.15,56,86,0
6m,8,next_open,300.0,400.0,91,36,55,39.56,2901.94,31.89,1.176,-2916.56,1.12,36,55,0
6m,8,next_open,300.0,600.0,24,7,17,29.17,197.7,8.24,1.039,-3000.0,1.08,7,17,0
6m,8,next_open,400.0,50.0,249,143,106,57.43,6218.49,24.97,1.148,-4883.13,1.45,143,105,1
6m,8,next_open,400.0,100.0,241,138,103,57.26,6673.02,27.69,1.163,-5003.15,1.44,138,102,1
6m,8,next_open,400.0,150.0,222,124,98,55.86,6463.55,29.12,1.167,-5133.15,1.47,124,97,1
6m,8,next_open,400.0,200.0,196,100,96,51.02,2272.32,11.59,1.06,-5957.14,1.56,100,95,1
6m,8,next_open,400.0,300.0,139,70,69,50.36,4965.12,35.72,1.182,-3390.82,1.7,71,68,0
6m,8,next_open,400.0,400.0,89,43,46,48.31,3729.56,41.91,1.207,-3821.69,1.71,44,45,0
6m,8,next_open,400.0,600.0,24,8,16,33.33,-676.14,-28.17,0.894,-4000.0,1.25,8,16,0
6m,8,next_open,500.0,50.0,239,153,86,64.02,9128.03,38.19,1.22,-4078.84,1.78,155,83,1
6m,8,next_open,500.0,100.0,230,147,83,63.91,10141.06,44.09,1.256,-3855.4,1.81,150,79,1
6m,8,next_open,500.0,150.0,215,134,81,62.33,8919.52,41.49,1.228,-4333.74,1.8,136,78,1
6m,8,next_open,500.0,200.0,189,109,80,57.67,4157.53,22.0,1.108,-5106.71,1.93,111,77,1
6m,8,next_open,500.0,300.0,136,77,59,56.62,5026.38,36.96,1.173,-4299.89,2.05,78,58,0
6m,8,next_open,500.0,400.0,88,47,41,53.41,3463.89,39.36,1.173,-5121.69,2.05,48,40,0
6m,8,next_open,500.0,600.0,24,10,14,41.67,110.34,4.6,1.016,-5000.0,1.75,10,14,0
6m,8,next_open,600.0,50.0,227,155,72,68.28,10996.45,48.44,1.272,-5783.67,2.2,159,67,1
6m,8,next_open,600.0,100.0,222,151,71,68.02,11073.32,49.88,1.278,-5401.76,2.19,155,66,1
6m,8,next_open,600.0,150.0,209,140,69,66.99,10304.65,49.3,1.264,-5880.5,2.21,143,65,1
6m,8,next_open,600.0,200.0,183,115,68,62.84,5642.66,30.83,1.147,-7037.04,2.39,118,64,1
6m,8,next_open,600.0,300.0,132,81,51,61.36,6038.21,45.74,1.205,-3000.0,2.49,83,49,0
6m,8,next_open,600.0,400.0,84,51,33,60.71,6275.72,74.71,1.337,-3673.55,2.61,53,31,0
6m,8,next_open,600.0,600.0,24,14,10,58.33,2339.27,97.47,1.39,-3000.0,2.88,14,10,0
6m,8,next_open,800.0,50.0,217,158,59,72.81,11736.83,54.09,1.287,-5330.01,2.59,166,50,1
6m,8,next_open,800.0,100.0,212,154,58,72.64,11461.35,54.06,1.282,-5462.7,2.62,161,50,1
6m,8,next_open,800.0,150.0,201,146,55,72.64,11414.41,56.79,1.287,-5685.31,2.66,151,49,1
6m,8,next_open,800.0,200.0,176,122,54,69.32,6605.92,37.53,1.167,-6909.31,2.87,126,49,1
6m,8,next_open,800.0,300.0,127,86,41,67.72,5845.8,46.03,1.187,-4379.15,2.94,88,39,0
6m,8,next_open,800.0,400.0,84,56,28,66.67,5819.81,69.28,1.279,-5083.48,3.1,58,26,0
6m,8,next_open,800.0,600.0,24,15,9,62.5,1651.02,68.79,1.229,-3200.0,3.12,15,9,0
6m,8,next_open,1000.0,50.0,208,158,50,75.96,12164.02,58.48,1.311,-5498.49,2.92,170,37,1
6m,8,next_open,1000.0,100.0,204,154,50,75.49,12340.63,60.49,1.321,-5351.92,2.98,167,36,1
6m,8,next_open,1000.0,150.0,194,147,47,75.77,12646.61,65.19,1.339,-5221.22,3.02,158,35,1
6m,8,next_open,1000.0,200.0,170,124,46,72.94,8062.79,47.43,1.217,-6190.11,3.27,134,35,1
6m,8,next_open,1000.0,300.0,124,89,35,71.77,7096.08,57.23,1.241,-5779.15,3.31,95,29,0
6m,8,next_open,1000.0,400.0,82,56,26,68.29,2517.6,30.7,1.108,-5683.48,3.45,59,23,0
6m,8,next_open,1000.0,600.0,24,16,8,66.67,1090.46,45.44,1.136,-4181.0,3.29,16,8,0
